initial_state,h,time_s,nodes_expanded,solution_length,total_cost
1 2 9 8 11 10 18 15 19 14 13 16 20 3 4 5 7 6 17 12,6,0.1112,189167,10,10
1 2 5 6 8 4 3 7 13 14 10 15 11 17 16 9 20 19 18 12,6,0.001005,1324,8,8
1 20 3 4 5 6 7 8 9 10 14 11 15 16 13 12 17 19 18 2,4,0.0012245,1777,6,6
